"Time (s)","Latitude (째)","Longitude (째)","Height (m)","Velocity (m/s)","Direction (째)","Horizontal Accuracy (m)","Vertical Accuracy (째)"
1.098597050E-2,6.098764125E1,2.566188900E1,9.653272133E1,NaN,NaN,2.226435372E1,3.000000000E1
1.352596283E-2,6.098764125E1,2.566188900E1,9.653272133E1,NaN,NaN,2.239501400E1,3.000000000E1
1.485502720E-2,6.098758543E1,2.566192357E1,9.653272133E1,NaN,NaN,2.382068434E1,3.000000000E1
5.191802979E-2,6.098758543E1,2.566192357E1,9.653272133E1,NaN,NaN,2.382086872E1,3.000003667E1
2.548038006E0,6.098770971E1,2.566174160E1,9.680466583E1,NaN,NaN,2.398332009E1,3.000000000E1
2.599394917E0,6.098768993E1,2.566173508E1,9.689531293E1,1.332978249E0,NaN,2.202346068E1,4.505163571E1
3.599395275E0,6.098770060E1,2.566172081E1,9.692954456E1,1.332978249E0,NaN,3.796136315E1,2.447089925E1
4.599395275E0,6.098771943E1,2.566163815E1,9.605586618E1,1.332978249E0,NaN,3.423058522E1,2.378910513E1
5.599395633E0,6.098764176E1,2.566149023E1,9.500415534E1,1.358014464E0,NaN,2.767444723E1,2.269845190E1
6.549395323E0,6.098768743E1,2.566148988E1,9.642441767E1,1.430833459E0,2.256512234E2,2.051374717E1,3.000000000E1
7.499395609E0,6.098769664E1,2.566141040E1,9.246646884E1,1.561644435E0,2.644677181E2,1.441659064E1,1.860660986E1
8.448420644E0,6.098768066E1,2.566139348E1,9.124876350E1,1.561644435E0,2.497468067E2,1.364282679E1,1.784941410E1
9.398145199E0,6.098766861E1,2.566136524E1,9.069247884E1,1.332498431E0,2.524191287E2,1.281559130E1,1.749741011E1
1.034814465E1,6.098764787E1,2.566134205E1,9.100531629E1,1.332498431E0,2.501463057E2,1.171384469E1,1.575047488E1
1.129809117E1,6.098765250E1,2.566132201E1,9.113865325E1,1.332498431E0,2.477315441E2,1.182646988E1,1.542650405E1
1.224808836E1,6.098764563E1,2.566129914E1,9.048766817E1,1.215701222E0,2.598474806E2,1.193284984E1,1.562188995E1
1.319808877E1,6.098763512E1,2.566128044E1,8.999341019E1,1.514677286E0,2.498143980E2,1.203488435E1,1.541919954E1
1.417807412E1,6.098762680E1,2.566126838E1,9.036118112E1,1.273680329E0,2.399827611E2,1.214047206E1,1.601743652E1
1.517807603E1,6.098759213E1,2.566124366E1,8.992961127E1,1.273680329E0,2.399827432E2,9.530168394E0,1.601743652E1
1.617807710E1,6.098757716E1,2.566122869E1,8.983758439E1,1.341243982E0,2.519853219E2,8.085935679E0,2.260415497E1
1.717838156E1,6.098757311E1,2.566122246E1,9.016645988E1,1.278512120E0,2.471644653E2,7.110579004E0,2.358081842E1
1.817837346E1,6.098756504E1,2.566120374E1,9.063310336E1,9.787667990E-1,2.615314742E2,6.797685465E0,2.579067471E1
1.917837405E1,6.098753838E1,2.566118640E1,9.070366070E1,1.264026165E0,2.456009662E2,1.094094455E1,1.788439111E1
2.017805302E1,6.098753728E1,2.566115945E1,9.108117288E1,1.264026165E0,2.531240592E2,9.122082920E0,1.500737035E1
2.117836130E1,6.098753572E1,2.566113366E1,9.123088671E1,1.279143095E0,2.532711188E2,1.181306165E1,1.962243658E1
2.217836118E1,6.098753131E1,2.566111077E1,9.155173692E1,1.279143095E0,2.492830537E2,1.184598109E1,2.014666737E1
2.317836201E1,6.098753087E1,2.566109507E1,9.179970593E1,1.145260215E0,2.519252314E2,1.239929241E1,2.138160942E1
2.417836201E1,6.098751962E1,2.566107506E1,9.221843991E1,1.289407253E0,2.430085338E2,1.847011786E1,3.317107231E1
2.517836142E1,6.098751322E1,2.566104984E1,9.233031776E1,1.230340600E0,2.458375434E2,1.489282273E1,2.576393037E1
2.617836118E1,6.098751671E1,2.566102325E1,9.258339368E1,1.230340600E0,2.563097283E2,2.241738082E1,3.924000745E1
2.717836106E1,6.098750495E1,2.566099163E1,9.311058387E1,1.147571445E0,2.379187124E2,2.049524909E1,3.525202920E1
2.817836118E1,6.098749239E1,2.566096745E1,9.339346938E1,9.413018227E-1,2.296556636E2,1.573840627E1,2.714839404E1
2.917836273E1,6.098748298E1,2.566095348E1,9.369670603E1,9.413018227E-1,2.142750794E2,1.170690854E1,2.044409797E1
3.017836142E1,6.098747600E1,2.566092256E1,9.395568907E1,9.413018227E-1,2.283017206E2,1.330614635E1,2.391421623E1
3.117836201E1,6.098747103E1,2.566088755E1,9.413146067E1,1.057912230E0,2.337971950E2,1.065901108E1,1.918866255E1
3.217836082E1,6.098747023E1,2.566084930E1,9.422120253E1,1.115543365E0,2.416401610E2,1.372749601E1,2.505061646E1
3.317836249E1,6.098746693E1,2.566082186E1,9.441968972E1,1.115543365E0,2.335422408E2,9.077390211E0,1.662440129E1
3.417836130E1,6.098747410E1,2.566079447E1,9.463421130E1,6.995527744E-1,2.554968664E2,8.967591878E0,1.638124836E1
3.517836213E1,6.098754021E1,2.566077960E1,1.041871572E2,5.212393142E-1,NaN,7.947035484E0,9.136754503E0
3.617836118E1,6.098753814E1,2.566074643E1,1.052734647E2,1.190322823E0,2.356856377E2,7.944895545E0,9.013294220E0
3.717836165E1,6.098753377E1,2.566071949E1,1.052662285E2,1.322589461E0,2.425055261E2,8.041286352E0,8.943643628E0
3.817836106E1,6.098750743E1,2.566071157E1,1.005408665E2,1.191971923E0,2.458450601E2,7.363663267E0,7.389262082E0
3.917836130E1,6.098750692E1,2.566067952E1,1.010343598E2,1.288129194E0,2.501440595E2,7.393656382E0,7.367210181E0
4.017836189E1,6.098750323E1,2.566066472E1,1.011796791E2,9.294364765E-1,2.476634297E2,7.120915633E0,7.323591919E0
4.117836201E1,6.098750018E1,2.566063494E1,1.000441473E2,8.509734307E-1,2.409552462E2,7.418413800E0,7.766563413E0
4.217836177E1,6.098749654E1,2.566061611E1,1.006279521E2,6.885597582E-1,2.326982953E2,7.769782568E0,8.374970742E0
4.317836189E1,6.098748840E1,2.566058020E1,9.984664414E1,6.226769206E-1,2.417796016E2,7.980448937E0,8.971511472E0
4.417836177E1,6.098748713E1,2.566054713E1,9.989913366E1,7.012603937E-1,2.549092017E2,8.372773398E0,9.599764357E0
4.517836165E1,6.098748110E1,2.566051511E1,9.943631335E1,7.866319122E-1,2.506851533E2,8.633954051E0,1.010290546E1
4.617836213E1,6.098747272E1,2.566047703E1,1.000604938E2,1.075080456E0,2.480719917E2,8.941718313E0,1.047785458E1
4.717836249E1,6.098746920E1,2.566045261E1,1.000425967E2,8.265522245E-1,2.492997907E2,8.687434781E0,1.030173499E1
4.817836142E1,6.098746516E1,2.566042063E1,9.967043317E1,8.813588421E-1,2.452598078E2,8.887301424E0,1.038943768E1
4.917836249E1,6.098745652E1,2.566039296E1,9.992230022E1,7.814071149E-1,2.396610076E2,9.218992928E0,1.048013206E1
5.017836130E1,6.098744883E1,2.566037949E1,9.912207822E1,5.418990380E-1,2.292642160E2,9.355888614E0,1.085012138E1
5.117836082E1,6.098743978E1,2.566035241E1,1.006323152E2,5.769186733E-1,2.368626408E2,9.601895345E0,1.068982213E1
5.217836106E1,6.098742649E1,2.566033374E1,9.999029919E1,5.839639767E-1,2.284114562E2,9.633733249E0,1.045765322E1
5.317836297E1,6.098740561E1,2.566031402E1,9.834105217E1,6.761799680E-1,2.216527106E2,9.511649049E0,1.017129131E1
5.417836154E1,6.098738627E1,2.566029473E1,9.823425584E1,7.058997992E-1,2.190372556E2,9.462441758E0,1.011872631E1
5.517836142E1,6.098737215E1,2.566026957E1,9.836299463E1,8.066393909E-1,2.237244666E2,9.376567872E0,9.839154816E0
5.617836213E1,6.098736212E1,2.566025590E1,9.893711079E1,6.754039807E-1,2.210422234E2,9.302475770E0,9.867155374E0
5.717836142E1,6.098733917E1,2.566025075E1,9.851871707E1,8.468888612E-1,2.075958152E2,9.319883526E0,9.852423212E0
5.817836130E1,6.098732999E1,2.566022154E1,9.816312767E1,9.697466090E-1,2.216430538E2,9.342995619E0,9.698172806E0
5.917836130E1,6.098731645E1,2.566020287E1,9.818029420E1,1.064315950E0,2.189203682E2,9.327748035E0,9.381466297E0
6.017836165E1,6.098730435E1,2.566018713E1,9.800659215E1,9.127198675E-1,2.152783651E2,9.339277711E0,9.047195640E0
6.117836201E1,6.098728763E1,2.566016667E1,9.903554176E1,9.016885224E-1,2.064537416E2,9.576630478E0,9.111136325E0
6.217836177E1,6.098727353E1,2.566014447E1,9.782926415E1,6.936237790E-1,1.985252338E2,9.563182741E0,9.020796955E0
6.317836189E1,6.098726428E1,2.566012189E1,9.822462237E1,5.994585487E-1,2.058862286E2,9.638169787E0,8.736938762E0
6.417836189E1,6.098724697E1,2.566010310E1,9.817911064E1,9.035861827E-1,2.049978037E2,9.852762864E0,8.607887313E0
6.517836165E1,6.098724014E1,2.566008476E1,9.930027402E1,7.454034677E-1,2.114083343E2,1.000845596E1,8.601092349E0
6.617836189E1,6.098723087E1,2.566006637E1,9.834549443E1,7.555483635E-1,2.119935024E2,1.002787289E1,8.503752440E0
6.717836118E1,6.098722121E1,2.566004619E1,9.831000402E1,8.171130721E-1,2.103831334E2,1.013208017E1,8.468069445E0
6.817836189E1,6.098721244E1,2.566002122E1,9.854201842E1,8.510256993E-1,2.102961518E2,1.020740955E1,8.416531437E0
6.917836499E1,6.098720369E1,2.565999242E1,9.877513725E1,1.030262972E0,2.150807672E2,1.049626953E1,8.640594854E0
7.017836189E1,6.098719820E1,2.565996105E1,9.892946270E1,9.488294324E-1,2.190619651E2,1.075990500E1,8.701515288E0
7.117836201E1,6.098718089E1,2.565993874E1,1.000849309E2,1.201201964E0,2.175909097E2,1.072418836E1,8.595173113E0
7.217836094E1,6.098717116E1,2.565993018E1,9.917102893E1,1.071124071E0,2.088688190E2,1.069554679E1,8.542267895E0
7.317836189E1,6.098715928E1,2.565990529E1,9.937801416E1,1.100889963E0,2.114553110E2,1.088291608E1,8.565410237E0
7.417836189E1,6.098714492E1,2.565988433E1,9.918808913E1,1.231166394E0,2.140676822E2,1.101622495E1,8.782032610E0
7.517836213E1,6.098713201E1,2.565987417E1,9.984623368E1,1.092358197E0,2.070482267E2,1.114022969E1,8.812703814E0
7.617836154E1,6.098712437E1,2.565985041E1,9.965537556E1,1.071582787E0,2.114257151E2,1.098443486E1,8.689000516E0
7.717836130E1,6.098711645E1,2.565983710E1,9.962147529E1,9.280930019E-1,2.101353374E2,1.089442948E1,8.469796712E0
7.817836225E1,6.098710347E1,2.565981210E1,1.000633675E2,1.083295342E0,2.123236515E2,1.099970397E1,8.513786200E0
7.917836094E1,6.098709173E1,2.565978174E1,1.011669332E2,1.269858292E0,2.174240053E2,1.091267772E1,8.676090883E0
8.017836165E1,6.098708107E1,2.565975764E1,1.018628396E2,1.288806812E0,2.176679447E2,1.085525413E1,8.414447196E0
8.117836225E1,6.098707269E1,2.565973868E1,1.016773651E2,1.187261129E0,2.147979570E2,1.100066335E1,8.490133079E0
8.217836154E1,6.098706380E1,2.565973060E1,1.024465983E2,9.668559350E-1,2.088564449E2,1.106510689E1,8.575342319E0
8.317836201E1,6.098705165E1,2.565971484E1,1.033854096E2,1.016845505E0,2.084489528E2,1.115318284E1,8.948147285E0
8.417836201E1,6.098703834E1,2.565969552E1,1.033983444E2,1.118079587E0,2.113507660E2,1.111083584E1,8.974648278E0
8.517836142E1,6.098702551E1,2.565968397E1,1.040004665E2,1.032280846E0,2.089651611E2,1.099257695E1,8.894642643E0
8.617836177E1,6.098701410E1,2.565966818E1,1.049612408E2,6.858476003E-1,2.003580219E2,1.101721271E1,9.148210884E0
8.717836118E1,6.098701106E1,2.565966530E1,1.046458919E2,3.892865168E-1,1.868114278E2,1.083956467E1,9.042334434E0
8.817836154E1,6.098700375E1,2.565963080E1,1.050030910E2,2.806451789E-1,1.856940229E2,1.067174881E1,8.879326405E0
8.917836225E1,6.098698936E1,2.565960036E1,1.057091297E2,6.519890789E-1,1.979348773E2,1.088440830E1,8.844709270E0
9.017836189E1,6.098697713E1,2.565957152E1,1.054382872E2,7.760263459E-1,2.156138778E2,1.092767452E1,8.912335100E0
9.117836201E1,6.098696572E1,2.565954993E1,1.056463835E2,7.124827162E-1,2.203035416E2,1.154789852E1,9.329071798E0
9.217836118E1,6.098695599E1,2.565952092E1,1.067924810E2,5.403065768E-1,2.368661785E2,1.227840978E1,9.940274525E0
9.317836249E1,6.098694552E1,2.565950103E1,1.072135529E2,3.161196619E-1,2.300169773E2,1.225064373E1,1.003658990E1
9.417836142E1,6.098693443E1,2.565947394E1,1.084557465E2,3.972296031E-1,2.300169536E2,1.217773312E1,9.917993008E0
9.517836189E1,6.098692579E1,2.565945458E1,1.090354400E2,1.515767836E-1,2.300169364E2,1.230253969E1,1.017757208E1
9.617836177E1,6.098691643E1,2.565942039E1,1.084280764E2,4.926101034E-1,2.356502785E2,1.247263340E1,1.025467809E1
9.717836106E1,6.098690735E1,2.565940081E1,1.088362003E2,5.647351656E-1,2.446199911E2,1.241424388E1,1.010985118E1
9.817836118E1,6.098689790E1,2.565938917E1,1.093050728E2,4.834348049E-1,2.408356202E2,1.251369165E1,1.015842310E1
9.917836130E1,6.098689288E1,2.565937104E1,1.099554150E2,3.803452462E-1,2.507079137E2,1.253764430E1,1.029617632E1
1.001783615E2,6.098687800E1,2.565935045E1,1.102683127E2,6.828079197E-1,2.472117482E2,1.256894048E1,1.025922333E1
1.011783621E2,6.098686427E1,2.565934011E1,1.104679131E2,7.003176345E-1,2.334777596E2,1.245860309E1,1.022457883E1
1.021783623E2,6.098685745E1,2.565931708E1,1.105167984E2,7.963585407E-1,2.276232079E2,1.233725314E1,1.021827945E1
1.031783613E2,6.098684974E1,2.565929857E1,1.101056019E2,9.497357478E-1,2.251298468E2,1.228701556E1,1.031241120E1
1.041783623E2,6.098683825E1,2.565928982E1,1.109683730E2,9.510173664E-1,2.139623320E2,1.215327558E1,1.026177193E1
1.051783617E2,6.098682930E1,2.565926994E1,1.098316137E2,9.878557224E-1,2.199196428E2,1.196244184E1,9.952025853E0
1.061783612E2,6.098681785E1,2.565924618E1,1.105693880E2,1.236254109E0,2.205598016E2,1.174160120E1,9.653123646E0
1.071783619E2,6.098680787E1,2.565923257E1,1.104054443E2,1.221758699E0,2.169300066E2,1.159523261E1,9.336863972E0
1.081783613E2,6.098680263E1,2.565921712E1,1.099764250E2,9.991175623E-1,2.159006007E2,1.137118987E1,8.996502819E0
1.091783619E2,6.098679337E1,2.565919286E1,1.096764203E2,1.084412460E0,2.168138056E2,1.115928393E1,8.878166272E0
1.101783619E2,6.098678519E1,2.565917326E1,1.096598125E2,1.044169882E0,2.185193566E2,1.089581828E1,8.391213736E0
1.111783619E2,6.098676855E1,2.565917091E1,1.091511371E2,9.771017780E-1,2.156468340E2,1.065176296E1,8.415472831E0
1.121783613E2,6.098675715E1,2.565915676E1,1.098356598E2,1.082372772E0,2.149762272E2,1.038072197E1,7.958808207E0
1.131783620E2,6.098674725E1,2.565914238E1,1.084756419E2,1.082302329E0,2.157918748E2,1.026222427E1,7.679977345E0
1.141783621E2,6.098673498E1,2.565911973E1,1.086383105E2,1.211644048E0,2.171034264E2,1.013404084E1,7.460775175E0
1.151783624E2,6.098672557E1,2.565909919E1,1.085587762E2,1.057705650E0,2.139536530E2,1.008364630E1,7.542487773E0
1.161783617E2,6.098671580E1,2.565907499E1,1.087509816E2,1.024075967E0,2.182841964E2,9.880830974E0,7.281436176E0
1.171783617E2,6.098670746E1,2.565904531E1,1.083043092E2,1.046369321E0,2.223287839E2,9.699792002E0,7.126891942E0
1.181783621E2,6.098669311E1,2.565903047E1,1.081186957E2,1.028669305E0,2.167953631E2,9.511729781E0,6.945946506E0
1.191783620E2,6.098668075E1,2.565900519E1,1.081490139E2,1.142900111E0,2.195970110E2,9.370550544E0,6.709306202E0
1.201783617E2,6.098667208E1,2.565897777E1,1.078959785E2,1.138307092E0,2.253878078E2,9.125816531E0,6.621195033E0
1.211783619E2,6.098665992E1,2.565895674E1,1.077334242E2,1.166406672E0,2.232922857E2,8.865598645E0,6.332306081E0
1.221783612E2,6.098664856E1,2.565893562E1,1.080084294E2,1.099198706E0,2.249931977E2,8.840168938E0,6.192817559E0
1.231783626E2,6.098663338E1,2.565891690E1,1.071378493E2,1.220491707E0,2.212700661E2,8.697944767E0,6.040742014E0
1.241783611E2,6.098662171E1,2.565889587E1,1.075993098E2,1.173187924E0,2.227527455E2,8.573630766E0,5.934904882E0
1.251783618E2,6.098660970E1,2.565887063E1,1.079517775E2,1.335131887E0,2.249431319E2,8.439345025E0,5.851391859E0
1.261783631E2,6.098659943E1,2.565884610E1,1.074378183E2,1.258330718E0,2.228343916E2,8.379790815E0,5.793694834E0
1.271783624E2,6.098658823E1,2.565883358E1,1.077832729E2,9.809129216E-1,2.224559142E2,8.372769913E0,5.748036013E0
1.281783623E2,6.098657467E1,2.565881989E1,1.074662772E2,9.053069236E-1,2.200974249E2,8.348359851E0,5.789194056E0
1.291783620E2,6.098656782E1,2.565880267E1,1.083436439E2,7.068676984E-1,2.265935467E2,8.286785744E0,5.707343682E0
1.301783617E2,6.098655906E1,2.565877474E1,1.074564144E2,9.273704266E-1,2.324159656E2,8.220825370E0,5.689410229E0
1.311783612E2,6.098654867E1,2.565874861E1,1.077971870E2,9.891323857E-1,2.327843750E2,8.157696747E0,5.703607314E0
1.321783623E2,6.098653841E1,2.565872630E1,1.076956012E2,1.000355644E0,2.334617406E2,8.083950805E0,5.759662393E0
1.331783621E2,6.098652812E1,2.565870323E1,1.081229244E2,1.018780514E0,2.314415211E2,8.219838353E0,5.930963077E0
1.341779633E2,6.098651947E1,2.565867846E1,1.083374660E2,9.428186931E-1,2.250830689E2,8.182927144E0,6.020928577E0
1.351776469E2,6.098651546E1,2.565866096E1,1.084940649E2,6.585973451E-1,2.258254799E2,8.094234175E0,6.009158737E0
1.361776469E2,6.098650527E1,2.565863311E1,1.092995067E2,7.805630317E-1,2.251393855E2,8.028139950E0,6.145107321E0
1.371779516E2,6.098649041E1,2.565861630E1,1.086611377E2,9.339203895E-1,2.232658643E2,7.926648256E0,6.326635970E0
1.381776350E2,6.098648207E1,2.565859310E1,1.092268417E2,9.373996293E-1,2.210785543E2,7.733937502E0,6.353215411E0
1.391776360E2,6.098647072E1,2.565856975E1,1.096022065E2,1.066492942E0,2.225309924E2,7.796851044E0,6.397465541E0
1.401779437E2,6.098646552E1,2.565855013E1,1.100398869E2,9.512311745E-1,2.256487792E2,7.773228593E0,6.303833685E0
1.411779375E2,6.098645898E1,2.565853117E1,1.104347572E2,8.567713250E-1,2.283827297E2,7.824063967E0,6.294824429E0
1.421779376E2,6.098645050E1,2.565851999E1,1.109116874E2,7.784001152E-1,2.254513877E2,7.973170668E0,6.383456587E0
1.431779341E2,6.098644369E1,2.565849642E1,1.113660126E2,7.665596004E-1,2.283204716E2,7.938431477E0,6.420332586E0
1.441776145E2,6.098643265E1,2.565848569E1,1.121160379E2,6.568126840E-1,2.178347779E2,7.964856908E0,6.579033694E0
1.451776149E2,6.098642550E1,2.565847066E1,1.122632032E2,5.413023107E-1,2.058664310E2,7.921791401E0,6.773187170E0
1.461779267E2,6.098641809E1,2.565845238E1,1.117346729E2,6.731434116E-1,2.075162616E2,8.046767877E0,6.902857386E0
1.471776007E2,6.098641251E1,2.565843822E1,1.119760006E2,6.710105573E-1,2.102760526E2,7.987219645E0,6.805524047E0
1.481776003E2,6.098640773E1,2.565843709E1,1.125229902E2,4.515954662E-1,1.991114074E2,8.113109064E0,6.960635894E0
1.491776003E2,6.098639795E1,2.565842310E1,1.127639563E2,6.468838986E-1,2.036109954E2,8.195233418E0,6.995365481E0
1.501776007E2,6.098639030E1,2.565840791E1,1.127423328E2,6.830214704E-1,2.099624808E2,8.175154766E0,7.015643478E0
1.511776004E2,6.098637942E1,2.565839863E1,1.129937476E2,8.206359470E-1,2.085566724E2,8.135952951E0,7.013977893E0
1.521776005E2,6.098636151E1,2.565838148E1,1.133172856E2,1.342285756E0,2.098408011E2,8.340796887E0,7.205296504E0
1.531776004E2,6.098635049E1,2.565836404E1,1.137757520E2,1.351704202E0,2.147224924E2,8.271990940E0,7.080818944E0
1.541776003E2,6.098634309E1,2.565835290E1,1.128902461E2,1.116498682E0,2.180274458E2,8.444931357E0,7.059501388E0
1.551776007E2,6.098633765E1,2.565834251E1,1.134437047E2,8.839578847E-1,2.229402421E2,8.287031995E0,6.641529668E0
1.561776003E2,6.098632423E1,2.565832877E1,1.134998027E2,1.000210959E0,2.179238445E2,8.199244013E0,6.427440365E0
1.571776010E2,6.098631713E1,2.565832342E1,1.136731014E2,7.566999094E-1,2.158991596E2,8.200056301E0,6.383326376E0
1.581776015E2,6.098630203E1,2.565831012E1,1.138955395E2,1.008828488E0,2.133774005E2,8.334393723E0,6.447376637E0
1.591776003E2,6.098629014E1,2.565830123E1,1.135491482E2,1.016424300E0,2.101247559E2,8.321628310E0,6.368264816E0
1.601776005E2,6.098627729E1,2.565829299E1,1.140232183E2,9.561090081E-1,2.077534282E2,8.480679117E0,6.561616808E0
1.611776000E2,6.098626959E1,2.565826044E1,1.128047101E2,9.788016398E-1,2.243926871E2,8.463227230E0,6.720836210E0
1.621776005E2,6.098626127E1,2.565822539E1,1.128574391E2,1.076212088E0,2.308041454E2,8.360680141E0,6.596344420E0
1.631776028E2,6.098625467E1,2.565819156E1,1.127918176E2,9.463964320E-1,2.356330902E2,8.359576045E0,6.591645673E0
1.641775994E2,6.098624920E1,2.565815602E1,1.129699788E2,9.219072883E-1,2.482270337E2,8.485324569E0,6.919690071E0
1.651776016E2,6.098624943E1,2.565812657E1,1.132229836E2,7.254517398E-1,2.578450106E2,8.572439035E0,6.867333228E0
1.661776001E2,6.098625315E1,2.565811156E1,1.128040596E2,4.435773171E-1,2.762454183E2,8.749057161E0,6.717698922E0
1.671776013E2,6.098626249E1,2.565807562E1,1.132368839E2,7.344577696E-1,2.972073597E2,8.965063326E0,6.745647987E0
1.681776000E2,6.098627626E1,2.565805235E1,1.127479449E2,8.319088819E-1,3.252384678E2,9.223665068E0,6.709269084E0
1.691776006E2,6.098628593E1,2.565802288E1,1.123851402E2,7.822868782E-1,3.229573397E2,9.414528698E0,6.676529807E0
1.701776013E2,6.098629595E1,2.565799025E1,1.119503407E2,8.297278094E-1,3.211680774E2,9.727649166E0,6.749657000E0
1.711776007E2,6.098630615E1,2.565796589E1,1.116419979E2,8.179742688E-1,3.243697196E2,1.002047254E1,6.979736181E0
1.721776005E2,6.098632276E1,2.565792929E1,1.115656555E2,1.057389666E0,3.228394168E2,1.037009353E1,7.178852134E0
1.731776009E2,6.098633641E1,2.565789280E1,1.104245806E2,1.085724151E0,3.215806546E2,1.049317479E1,7.166054925E0
1.741776010E2,6.098634659E1,2.565786107E1,1.102785775E2,9.424457207E-1,3.186413839E2,1.083361163E1,7.289705110E0
1.751776004E2,6.098635546E1,2.565782294E1,1.091708578E2,8.302296041E-1,3.169837830E2,1.096343147E1,7.298695747E0
1.761776043E2,6.098636560E1,2.565777784E1,1.090796229E2,9.688658353E-1,3.199315039E2,1.129806009E1,7.864316885E0
1.771776011E2,6.098637559E1,2.565773662E1,1.078802606E2,9.994624128E-1,3.207451755E2,1.143646983E1,7.930836519E0
1.781776006E2,6.098638410E1,2.565768782E1,1.080043722E2,1.150583853E0,3.174035391E2,1.153335877E1,7.985568860E0
1.791776004E2,6.098639024E1,2.565765529E1,1.082817946E2,9.815277160E-1,3.155870473E2,1.183182869E1,8.163814836E0
1.801776006E2,6.098639760E1,2.565761992E1,1.073645652E2,9.452713062E-1,3.117896583E2,1.186788475E1,8.155160924E0
1.811776017E2,6.098640918E1,2.565759735E1,1.068992728E2,9.507573744E-1,3.166510813E2,1.239555736E1,8.561382301E0
1.821776000E2,6.098641359E1,2.565756403E1,1.071497616E2,7.972005228E-1,3.118665384E2,1.247454862E1,8.509252650E0
1.831776005E2,6.098642184E1,2.565753092E1,1.054945830E2,9.633201590E-1,3.128159623E2,1.267266077E1,8.644029703E0
1.841776004E2,6.098642910E1,2.565749366E1,1.055499844E2,1.139524193E0,3.086220550E2,1.285172310E1,8.740813040E0
1.851776005E2,6.098643589E1,2.565746383E1,1.063094906E2,1.005505285E0,3.091419459E2,1.286286858E1,8.703268541E0
1.861776012E2,6.098644792E1,2.565742325E1,1.052431263E2,1.178410356E0,3.096118870E2,1.294842630E1,8.746507303E0
1.871776016E2,6.098645219E1,2.565737752E1,1.052921851E2,1.259287064E0,3.017655292E2,1.319014252E1,8.833202338E0
1.881776009E2,6.098645820E1,2.565734340E1,1.052627070E2,1.165893449E0,3.004852451E2,1.296369298E1,8.590684246E0
1.891776007E2,6.098646641E1,2.565730963E1,1.043721955E2,1.122810983E0,3.072466119E2,1.274262564E1,8.342967784E0
1.901776001E2,6.098647143E1,2.565727890E1,1.045821104E2,1.045327857E0,3.082050863E2,1.271593127E1,8.200742019E0
1.911776009E2,6.098648687E1,2.565724747E1,1.049646177E2,1.278545701E0,3.194499864E2,1.244821309E1,7.965103560E0
1.921776003E2,6.098649535E1,2.565722117E1,1.050862908E2,1.176701066E0,3.231068024E2,1.217788422E1,7.769341740E0
1.931776012E2,6.098650177E1,2.565720125E1,1.051661946E2,9.379127228E-1,3.300646491E2,1.192276137E1,7.524430005E0
1.941776001E2,6.098650988E1,2.565715577E1,1.047385780E2,1.261912877E0,3.145716641E2,1.160127940E1,7.432285019E0
1.951776004E2,6.098651780E1,2.565712110E1,1.050823687E2,1.274972838E0,3.116181532E2,1.137061321E1,7.270687103E0
1.961776009E2,6.098652268E1,2.565709011E1,1.047079993E2,1.156225513E0,3.104568093E2,1.110990513E1,7.068721788E0
1.971776017E2,6.098652925E1,2.565705164E1,1.042967585E2,1.429902523E0,3.059218282E2,1.091357640E1,7.070818046E0
1.981776003E2,6.098653472E1,2.565702593E1,1.047676710E2,1.243592027E0,3.058512467E2,1.063782252E1,6.849057407E0
1.991776001E2,6.098653929E1,2.565698999E1,1.049614060E2,1.117793723E0,3.059664597E2,1.046654871E1,6.759205064E0
2.001776003E2,6.098654895E1,2.565694949E1,1.048053882E2,1.256256211E0,3.094208434E2,1.031337418E1,6.684014090E0
2.011776011E2,6.098655562E1,2.565692078E1,1.050448862E2,1.205893847E0,3.116484385E2,1.037690781E1,6.670463875E0
2.021776003E2,6.098655998E1,2.565688601E1,1.056135902E2,1.106029679E0,3.094379965E2,1.016259035E1,6.607134666E0
2.031776015E2,6.098656235E1,2.565686350E1,1.050881326E2,9.413340245E-1,3.052039975E2,1.009520520E1,6.610604094E0
2.041776006E2,6.098657105E1,2.565682722E1,1.051824006E2,1.125011502E0,3.102603162E2,1.008210966E1,6.641981377E0
2.051776010E2,6.098657768E1,2.565678494E1,1.053019738E2,1.256101588E0,3.112485672E2,1.005209497E1,6.615823878E0
2.061776009E2,6.098658329E1,2.565675517E1,1.055197500E2,1.110513888E0,3.141313969E2,9.838626862E0,6.403254485E0
2.071776004E2,6.098659112E1,2.565672301E1,1.053136843E2,1.145738583E0,3.142848465E2,9.690104385E0,6.322849513E0
2.081776010E2,6.098659849E1,2.565669965E1,1.054278975E2,1.096248322E0,3.163883359E2,9.495581109E0,6.243945044E0
2.091776005E2,6.098660579E1,2.565666393E1,1.060154579E2,1.087877577E0,3.169865850E2,9.502419130E0,6.173424455E0
2.101776004E2,6.098660578E1,2.565661293E1,1.053182889E2,9.858115587E-1,3.109432430E2,9.466566062E0,6.171710598E0
2.111776017E2,6.098661390E1,2.565655835E1,1.057029072E2,1.283699695E0,3.091943885E2,9.401078552E0,6.228703850E0
2.121776010E2,6.098662177E1,2.565652123E1,1.063048114E2,1.340709757E0,3.046052958E2,9.292977446E0,6.250230646E0
2.131776012E2,6.098663013E1,2.565648923E1,1.062009322E2,1.363707631E0,3.089433056E2,9.137885418E0,6.135636706E0
2.141776015E2,6.098663406E1,2.565645932E1,1.065933484E2,1.447166711E0,3.001727487E2,8.908446807E0,6.066148547E0
2.151776007E2,6.098663983E1,2.565643525E1,1.065729393E2,1.230404919E0,2.998073662E2,8.825638768E0,5.965771461E0
2.161776010E2,6.098665103E1,2.565640907E1,1.072558387E2,1.351084298E0,3.090893800E2,8.780617789E0,5.928753543E0
2.171776012E2,6.098665362E1,2.565638063E1,1.065721574E2,1.111958382E0,3.075208080E2,8.909317336E0,6.017138910E0
2.181776009E2,6.098665759E1,2.565634984E1,1.068491820E2,1.039346729E0,3.092296243E2,8.768016500E0,5.918869055E0
2.191776010E2,6.098665982E1,2.565631471E1,1.073354109E2,1.078467347E0,3.054466540E2,8.526060291E0,5.793128908E0
2.201776018E2,6.098666073E1,2.565627012E1,1.077136601E2,9.673919750E-1,3.068285569E2,8.325790293E0,5.653190325E0
2.211776007E2,6.098666796E1,2.565625101E1,1.080000166E2,9.125911573E-1,3.126911174E2,8.208203908E0,5.513290397E0
2.221776011E2,6.098667473E1,2.565623464E1,1.081610310E2,9.208741530E-1,3.161855428E2,8.393551384E0,5.593749212E0
2.231776006E2,6.098668489E1,2.565621437E1,1.080695341E2,1.041163337E0,3.177041604E2,8.579318127E0,5.905012733E0
2.241776004E2,6.098669930E1,2.565620685E1,1.083851922E2,1.179599161E0,3.236481011E2,8.591955203E0,5.856548929E0
2.251776007E2,6.098670765E1,2.565621161E1,1.068619629E2,9.961166103E-1,3.324912149E2,8.544445338E0,5.764293566E0
2.261776010E2,6.098672033E1,2.565620573E1,1.071022463E2,1.077908784E0,3.292301401E2,8.544341699E0,5.735421089E0
2.271776007E2,6.098673379E1,2.565620007E1,1.078725813E2,1.141286907E0,3.290270477E2,8.465553840E0,5.675709672E0
2.281776011E2,6.098674360E1,2.565619733E1,1.076274390E2,1.001615901E0,3.300591878E2,8.417273639E0,5.690128806E0
2.291776009E2,6.098675547E1,2.565619467E1,1.076047301E2,8.633386857E-1,3.324686639E2,8.498648941E0,5.860571937E0
2.301776010E2,6.098677061E1,2.565619864E1,1.065793123E2,1.010811108E0,3.347726142E2,8.493943650E0,5.989282157E0
2.311776012E2,6.098678291E1,2.565619858E1,1.076807068E2,9.465698537E-1,3.362033091E2,8.479316756E0,6.049457507E0
2.321776012E2,6.098679399E1,2.565620590E1,1.060741881E2,9.162759038E-1,3.367343581E2,8.518349723E0,6.082402276E0
2.331776007E2,6.098680293E1,2.565620178E1,1.059287074E2,8.828551781E-1,3.372388032E2,8.555845186E0,6.066371118E0
2.341776007E2,6.098681468E1,2.565619630E1,1.053127223E2,1.003725448E0,3.375431326E2,8.612800851E0,6.046673849E0
2.351776010E2,6.098681963E1,2.565618201E1,1.053826601E2,8.241445124E-1,3.336016697E2,8.758798873E0,6.213962195E0
2.361776006E2,6.098682143E1,2.565616208E1,1.047004048E2,7.973023878E-1,3.238782357E2,8.809527694E0,6.194682766E0
2.371776012E2,6.098682350E1,2.565615174E1,1.047973074E2,7.143457238E-1,3.191682734E2,8.779060127E0,6.047585806E0
2.381776013E2,6.098683359E1,2.565613212E1,1.048909502E2,9.652274007E-1,3.196035084E2,8.628227102E0,5.900151613E0
2.391776011E2,6.098684779E1,2.565610977E1,1.050754022E2,1.245757562E0,3.193654979E2,8.540722336E0,5.916715503E0
2.401776012E2,6.098686164E1,2.565608888E1,1.042226610E2,1.388444561E0,3.193345163E2,8.406045369E0,5.755860295E0
2.411776012E2,6.098686433E1,2.565608457E1,1.045609832E2,7.383245178E-1,3.092722221E2,8.320679671E0,5.889965442E0
2.421776018E2,6.098685987E1,2.565605969E1,1.043979324E2,9.118109488E-1,2.915145451E2,8.250003375E0,5.963688697E0
2.431776012E2,6.098685127E1,2.565604489E1,1.040992925E2,6.196206542E-1,2.660015500E2,8.294790486E0,5.948609161E0
2.441776009E2,6.098684415E1,2.565602893E1,1.040238731E2,5.611696160E-1,2.456104852E2,8.235960257E0,5.797774265E0
2.451776013E2,6.098683969E1,2.565599940E1,1.043204328E2,9.520997060E-1,2.510432365E2,8.132547562E0,5.779260431E0
2.461776011E2,6.098683798E1,2.565598132E1,1.043494327E2,8.215366493E-1,2.563841242E2,8.021428711E0,5.824547323E0
2.471776007E2,6.098683299E1,2.565596244E1,1.049292846E2,7.920577620E-1,2.546838187E2,7.882415864E0,5.728124194E0
2.481776004E2,6.098683063E1,2.565594638E1,1.051304360E2,6.862823291E-1,2.563264279E2,7.830315674E0,5.892502332E0
2.491776011E2,6.098683460E1,2.565592785E1,1.032666488E2,6.304637203E-1,2.818572973E2,7.823363883E0,5.977985257E0
2.501776009E2,6.098684044E1,2.565591606E1,1.039311766E2,7.283299955E-1,2.928927975E2,7.991412865E0,6.044295656E0
2.511776015E2,6.098684523E1,2.565589492E1,1.040995177E2,9.838179554E-1,2.918964543E2,7.945833445E0,6.049758632E0
2.521776005E2,6.098685159E1,2.565586737E1,1.036148087E2,1.221251099E0,2.843768351E2,7.888643886E0,6.046588927E0
2.531776013E2,6.098684926E1,2.565585396E1,1.035591026E2,1.056810900E0,2.783504935E2,7.747617016E0,5.913435548E0
2.541776013E2,6.098684320E1,2.565584986E1,1.033698657E2,8.183307357E-1,2.571048912E2,7.751490975E0,6.097490225E0
2.551776013E2,6.098683832E1,2.565584267E1,1.045015927E2,6.655811240E-1,2.445083615E2,7.555776927E0,5.938341223E0
2.561776018E2,6.098683045E1,2.565582184E1,1.028095174E2,9.394693635E-1,2.360357501E2,7.446928602E0,5.921639601E0
2.571776010E2,6.098681924E1,2.565581336E1,1.036622421E2,7.541281149E-1,2.240154863E2,7.486045995E0,6.077010997E0
2.581776007E2,6.098681148E1,2.565579333E1,1.037004762E2,8.518338173E-1,2.299406174E2,7.360189202E0,5.957329971E0
2.591776004E2,6.098680234E1,2.565577179E1,1.043286891E2,1.193230434E0,2.299776309E2,7.307027391E0,5.934232963E0
2.601775416E2,6.098679513E1,2.565576766E1,1.034324467E2,9.580585725E-1,2.254092316E2,7.148848501E0,5.875031278E0
2.611772262E2,6.098679194E1,2.565575760E1,1.031712272E2,6.973894794E-1,2.325702196E2,7.192714397E0,5.846413039E0
2.621772248E2,6.098678182E1,2.565573562E1,1.027931842E2,9.261742761E-1,2.330273602E2,7.285843582E0,5.980614579E0
2.631775312E2,6.098676984E1,2.565570578E1,1.038851030E2,1.266585189E0,2.339329367E2,7.261703496E0,5.912663153E0
2.641772169E2,6.098676137E1,2.565569058E1,1.028622457E2,1.196022477E0,2.329349954E2,7.175993655E0,5.823415526E0
2.651772171E2,6.098674732E1,2.565567641E1,1.027054567E2,1.216888267E0,2.212534786E2,7.030843032E0,5.742043186E0
2.661775229E2,6.098673725E1,2.565567215E1,1.026192305E2,1.042549189E0,2.121119624E2,6.901407989E0,5.633172298E0
2.671775180E2,6.098672526E1,2.565565540E1,1.031647535E2,1.229891653E0,2.138710527E2,6.810395457E0,5.566998624E0
2.681775175E2,6.098671371E1,2.565563940E1,1.034382261E2,1.206605444E0,2.129717511E2,6.879593773E0,5.633103219E0
2.691775140E2,6.098670789E1,2.565562278E1,1.031202124E2,1.055083872E0,2.202798879E2,6.859427682E0,5.628898943E0
2.701771936E2,6.098669861E1,2.565560483E1,1.027145137E2,1.125880835E0,2.230546387E2,6.825463327E0,5.539159017E0
2.711771929E2,6.098668745E1,2.565558264E1,1.027604853E2,1.268363746E0,2.246801354E2,6.756719349E0,5.435380501E0
2.721775049E2,6.098667355E1,2.565556764E1,1.032074593E2,1.410560928E0,2.185935574E2,6.625383269E0,5.292666551E0
2.731774993E2,6.098666386E1,2.565555260E1,1.026899431E2,1.377630080E0,2.168497419E2,6.523972258E0,5.164552776E0
2.741774991E2,6.098665957E1,2.565553935E1,1.024791363E2,1.145545605E0,2.185912658E2,6.465321347E0,5.253192459E0
2.751775000E2,6.098665553E1,2.565552642E1,1.033691977E2,8.072214609E-1,2.242069118E2,6.418216204E0,5.176434451E0
2.761774995E2,6.098664756E1,2.565550616E1,1.031201083E2,9.907615656E-1,2.274546993E2,6.265842501E0,5.117684615E0
2.771774998E2,6.098663631E1,2.565547832E1,1.037264059E2,1.455669780E0,2.263017613E2,6.229041058E0,5.097928384E0
2.781774997E2,6.098662979E1,2.565546478E1,1.034242334E2,1.181234041E0,2.254819534E2,6.147629870E0,5.012942983E0
2.791774994E2,6.098662269E1,2.565544942E1,1.030372746E2,9.974567894E-1,2.268852176E2,6.110670818E0,4.958588139E0
2.801774993E2,6.098661219E1,2.565541869E1,1.045428697E2,1.299115663E0,2.312377301E2,6.088834873E0,4.950679691E0
2.811774997E2,6.098660780E1,2.565540460E1,1.032667215E2,1.102509777E0,2.334940441E2,6.122554107E0,4.963861632E0
2.821774999E2,6.098660079E1,2.565538915E1,1.034500838E2,1.031228522E0,2.351251737E2,6.116106585E0,4.986003792E0
2.831775002E2,6.098658587E1,2.565538250E1,1.038784979E2,9.659892591E-1,2.268425297E2,6.134107830E0,5.146863512E0
2.841774999E2,6.098657656E1,2.565538140E1,1.033423160E2,7.746273779E-1,2.209894484E2,6.030505972E0,5.091100377E0
2.851774995E2,6.098655718E1,2.565536326E1,1.030876283E2,9.880779043E-1,2.202212695E2,5.974694035E0,5.182810076E0
2.861775000E2,6.098654664E1,2.565534066E1,1.029657063E2,1.181507096E0,2.218691187E2,6.036488349E0,5.211101162E0
2.871775004E2,6.098653508E1,2.565532391E1,1.042172348E2,1.191283500E0,2.232780889E2,6.028701731E0,5.194017995E0
2.881775000E2,6.098652148E1,2.565531664E1,1.029247776E2,1.173930751E0,2.209679479E2,6.056907272E0,5.230428745E0
2.891774994E2,6.098650726E1,2.565530342E1,1.031996454E2,1.196671005E0,2.205378996E2,6.009639474E0,5.276648514E0
2.901774995E2,6.098649167E1,2.565529661E1,1.030228632E2,1.129708289E0,2.165539647E2,5.946835060E0,5.249472929E0
2.911774995E2,6.098648537E1,2.565527862E1,1.025341219E2,9.949616123E-1,2.256034347E2,6.001670614E0,5.246781231E0
2.921774989E2,6.098647225E1,2.565525916E1,1.025829111E2,1.289206405E0,2.238327747E2,6.034390696E0,5.197119619E0
2.931774998E2,6.098646212E1,2.565524470E1,1.022908738E2,1.267877282E0,2.245400916E2,5.884830263E0,4.984318436E0
2.941775000E2,6.098645214E1,2.565521110E1,1.035705512E2,1.456357748E0,2.266312947E2,5.799430650E0,4.858327351E0
2.951775006E2,6.098644262E1,2.565519868E1,1.027380980E2,1.241963981E0,2.239672857E2,5.825654614E0,4.904499037E0
2.961774994E2,6.098643543E1,2.565518276E1,1.031593257E2,1.075374291E0,2.233051956E2,5.771181326E0,4.829928253E0
2.971774999E2,6.098642523E1,2.565516435E1,1.037079132E2,1.165945729E0,2.205341593E2,5.866915192E0,4.881924309E0
2.981775006E2,6.098641474E1,2.565514994E1,1.035175423E2,1.227602320E0,2.186466149E2,5.752093961E0,4.750673547E0
2.991775008E2,6.098640351E1,2.565513381E1,1.034592622E2,1.149912974E0,2.182104011E2,5.668476201E0,4.636163698E0
3.001775001E2,6.098639153E1,2.565512089E1,1.032327913E2,1.171504897E0,2.185106925E2,5.809929730E0,4.781803120E0
3.011775001E2,6.098638274E1,2.565511057E1,1.029524917E2,1.108845599E0,2.165139246E2,5.802888461E0,4.719906587E0
3.021775005E2,6.098636439E1,2.565509014E1,1.041406236E2,1.396821352E0,2.182537185E2,5.824496864E0,4.750676152E0
3.031774993E2,6.098634929E1,2.565508928E1,1.018911293E2,1.196944252E0,2.171029390E2,5.811669749E0,4.777209501E0
3.041774994E2,6.098633897E1,2.565508094E1,1.018949332E2,1.125967851E0,2.159405563E2,5.823579883E0,4.751212119E0
3.051775001E2,6.098632603E1,2.565505719E1,1.024631485E2,1.327965253E0,2.207967319E2,5.825318131E0,4.734013049E0
3.061775036E2,6.098631276E1,2.565504436E1,1.028216396E2,1.475805850E0,2.157717075E2,5.790077831E0,4.781042006E0
3.071775005E2,6.098629753E1,2.565503068E1,1.020600702E2,1.511944303E0,2.154212618E2,5.774381431E0,4.804286904E0
3.081775005E2,6.098628525E1,2.565502488E1,1.017952693E2,1.354064481E0,2.118476513E2,5.738817510E0,4.759845422E0
3.091775007E2,6.098627525E1,2.565501319E1,1.010222075E2,1.297641767E0,2.130472839E2,5.735853216E0,4.691211531E0
3.101775000E2,6.098626284E1,2.565498777E1,1.029189397E2,1.513368668E0,2.179764532E2,5.738528343E0,4.619054199E0
3.111774999E2,6.098625260E1,2.565497482E1,1.014334907E2,1.545437646E0,2.185018835E2,5.639574131E0,4.622787659E0
3.121775005E2,6.098624037E1,2.565495834E1,1.009461604E2,1.454302344E0,2.198059480E2,5.553860837E0,4.654284489E0
3.131774999E2,6.098622842E1,2.565494273E1,1.012423556E2,1.395429513E0,2.185127701E2,5.417962749E0,4.510888354E0
3.141775001E2,6.098621713E1,2.565492630E1,1.018990769E2,1.334282631E0,2.206258704E2,5.363019487E0,4.451707860E0
3.151774995E2,6.098620419E1,2.565491608E1,1.012133270E2,1.332877080E0,2.154594435E2,5.274512635E0,4.321511246E0
3.161775005E2,6.098619573E1,2.565490595E1,1.009744706E2,1.164657561E0,2.128205811E2,5.228060173E0,4.245237891E0
3.171775005E2,6.098618829E1,2.565489020E1,1.013445498E2,1.053994601E0,2.167399422E2,5.202688830E0,4.228165991E0
3.181775006E2,6.098617990E1,2.565486892E1,1.009688995E2,1.117826375E0,2.208480602E2,5.183686395E0,4.191093393E0
3.191774994E2,6.098616990E1,2.565485387E1,1.005880421E2,1.202266138E0,2.218910319E2,5.119211561E0,4.194843045E0
3.201775007E2,6.098615523E1,2.565483533E1,1.007003060E2,1.436018291E0,2.190264336E2,5.101101817E0,4.187444266E0
3.211774999E2,6.098614016E1,2.565481579E1,1.007267457E2,1.612769933E0,2.184386228E2,4.971396928E0,4.083249300E0
3.221775004E2,6.098612991E1,2.565480131E1,1.003457989E2,1.509295546E0,2.192750707E2,4.956674302E0,4.196816917E0
3.231775005E2,6.098611728E1,2.565478925E1,1.003407920E2,1.501189251E0,2.156319251E2,4.909591477E0,4.115278353E0
3.241775002E2,6.098611015E1,2.565476228E1,1.005548682E2,1.367651494E0,2.194502181E2,4.843834567E0,4.000362323E0
3.251775007E2,6.098609903E1,2.565473945E1,1.007154791E2,1.388202679E0,2.214739729E2,4.767855125E0,4.100520325E0
3.261775000E2,6.098609127E1,2.565471150E1,1.011188711E2,1.462700559E0,2.254443446E2,4.706510909E0,4.206884921E0
3.271774998E2,6.098608045E1,2.565469627E1,1.010145755E2,1.377116671E0,2.219663275E2,4.607651600E0,4.109204920E0
3.281775002E2,6.098607317E1,2.565468399E1,1.001933426E2,1.141864011E0,2.200869214E2,4.525433507E0,4.018707508E0
3.291774998E2,6.098606261E1,2.565467080E1,1.006625263E2,1.154274621E0,2.148417108E2,4.504328155E0,4.000672435E0
3.301775000E2,6.098605034E1,2.565465330E1,1.009633975E2,1.322193788E0,2.119416601E2,4.473596795E0,3.983154154E0
3.311775002E2,6.098604202E1,2.565463848E1,1.001304904E2,1.236452832E0,2.111654763E2,4.412229301E0,3.917436888E0
3.321774999E2,6.098603360E1,2.565462302E1,1.005648684E2,1.198518957E0,2.149682580E2,4.377683533E0,3.855182940E0
3.331775006E2,6.098602044E1,2.565461538E1,1.005389248E2,1.280759840E0,2.075994281E2,4.362654412E0,3.860892319E0
3.341775004E2,6.098600618E1,2.565461779E1,1.005859735E2,1.254217769E0,1.970064641E2,4.486897527E0,3.954620396E0
3.351774999E2,6.098599364E1,2.565461566E1,1.010775913E2,1.230080524E0,1.920869807E2,4.491725031E0,3.998658245E0
3.361774995E2,6.098598056E1,2.565461460E1,1.003515915E2,1.276905464E0,1.898771805E2,4.496015406E0,4.002618494E0
3.371774999E2,6.098596720E1,2.565460955E1,1.003828719E2,1.325641752E0,1.899003635E2,4.540901031E0,4.061656435E0
3.381775006E2,6.098595575E1,2.565460671E1,1.007515146E2,1.339913377E0,1.872927980E2,4.621098401E0,4.150083313E0
3.391775010E2,6.098594422E1,2.565460237E1,1.017450075E2,1.231908573E0,1.896366872E2,4.603800810E0,4.094166637E0
3.401774995E2,6.098593020E1,2.565460702E1,1.010261436E2,1.317523745E0,1.842981621E2,4.534389303E0,4.003647217E0
3.411775002E2,6.098591815E1,2.565460592E1,1.011797637E2,1.213657916E0,1.873114483E2,4.648207255E0,4.095648439E0
3.421774999E2,6.098590743E1,2.565460461E1,1.012065489E2,1.123681663E0,1.885428620E2,4.867623727E0,4.249799973E0
3.431775011E2,6.098588881E1,2.565459735E1,1.022507251E2,1.470500147E0,1.904584712E2,5.152008945E0,4.518483602E0
3.441774997E2,6.098587385E1,2.565459664E1,1.015627704E2,1.552411578E0,1.908234046E2,5.195244012E0,4.721355453E0
3.451774998E2,6.098585802E1,2.565459683E1,1.010436376E2,1.532366099E0,1.885943383E2,5.301735077E0,4.851430895E0
3.461775000E2,6.098584256E1,2.565459399E1,1.014227277E2,1.557342493E0,1.935471059E2,5.581298367E0,5.104781875E0
3.471774994E2,6.098582659E1,2.565459521E1,1.015725666E2,1.516970142E0,1.937244776E2,5.803742295E0,5.374995245E0
3.481774995E2,6.098581093E1,2.565458794E1,1.022892457E2,1.550691534E0,1.963893307E2,5.883481333E0,5.488764901E0
3.491774998E2,6.098579299E1,2.565458743E1,1.018890551E2,1.567577809E0,1.925863272E2,5.929013024E0,5.562276864E0
3.501775005E2,6.098577669E1,2.565457917E1,1.017880331E2,1.530564831E0,1.945530533E2,6.085241819E0,5.779451329E0
3.511775001E2,6.098576053E1,2.565457471E1,1.015509946E2,1.472914951E0,1.926095648E2,6.239928568E0,6.079623158E0
3.521774993E2,6.098574747E1,2.565456418E1,1.017661281E2,1.317346500E0,1.974363610E2,6.345749426E0,6.131381018E0
3.531774994E2,6.098573245E1,2.565455578E1,1.023953756E2,1.276068307E0,1.976173847E2,6.392891991E0,6.159880339E0
3.541775000E2,6.098571877E1,2.565453867E1,1.033098371E2,1.248957912E0,2.052491209E2,6.379386426E0,6.177016575E0
3.551775005E2,6.098570716E1,2.565453539E1,1.017158972E2,1.063685562E0,2.050017255E2,6.378197817E0,6.089812116E0
3.561774999E2,6.098569786E1,2.565452885E1,1.019033852E2,8.389159946E-1,2.056192825E2,6.350072218E0,6.068256544E0
3.571774999E2,6.098568423E1,2.565451447E1,1.023947461E2,1.018527067E0,2.098731999E2,6.230470813E0,5.948689725E0
3.581774999E2,6.098567137E1,2.565449502E1,1.028425026E2,1.207552385E0,2.146287915E2,6.173687662E0,5.889616291E0
3.591775001E2,6.098566062E1,2.565448507E1,1.028127235E2,1.046789996E0,2.096185801E2,6.183612155E0,5.822338388E0